episode,mean_return,std_return
1.000000000000000000e+00,-1.000000000000000000e+02,0.000000000000000000e+00
2.000000000000000000e+00,-1.000000000000000000e+02,0.000000000000000000e+00
3.000000000000000000e+00,-1.000000000000000000e+02,0.000000000000000000e+00
4.000000000000000000e+00,-1.000000000000000000e+02,0.000000000000000000e+00
5.000000000000000000e+00,-1.000000000000000000e+02,0.000000000000000000e+00
6.000000000000000000e+00,-1.000000000000000000e+02,0.000000000000000000e+00
7.000000000000000000e+00,-1.000000000000000000e+02,0.000000000000000000e+00
8.000000000000000000e+00,-1.000000000000000000e+02,0.000000000000000000e+00
9.000000000000000000e+00,-1.000000000000000000e+02,0.000000000000000000e+00
1.000000000000000000e+01,-1.000000000000000000e+02,0.000000000000000000e+00
1.100000000000000000e+01,-1.000000000000000000e+02,0.000000000000000000e+00
1.200000000000000000e+01,-1.000000000000000000e+02,0.000000000000000000e+00
1.300000000000000000e+01,-1.000000000000000000e+02,0.000000000000000000e+00
1.400000000000000000e+01,-1.000000000000000000e+02,0.000000000000000000e+00
1.500000000000000000e+01,-1.000000000000000000e+02,0.000000000000000000e+00
1.600000000000000000e+01,-9.800000000000000000e+01,1.989974874213239886e+01
1.700000000000000000e+01,-1.000000000000000000e+02,0.000000000000000000e+00
1.800000000000000000e+01,-1.000000000000000000e+02,0.000000000000000000e+00
1.900000000000000000e+01,-1.000000000000000000e+02,0.000000000000000000e+00
2.000000000000000000e+01,-1.000000000000000000e+02,0.000000000000000000e+00
2.100000000000000000e+01,-1.000000000000000000e+02,0.000000000000000000e+00
2.200000000000000000e+01,-9.800000000000000000e+01,1.989974874213239886e+01
2.300000000000000000e+01,-1.000000000000000000e+02,0.000000000000000000e+00
2.400000000000000000e+01,-9.800000000000000000e+01,1.989974874213239886e+01
2.500000000000000000e+01,-1.000000000000000000e+02,0.000000000000000000e+00
2.600000000000000000e+01,-1.000000000000000000e+02,0.000000000000000000e+00
2.700000000000000000e+01,-1.000000000000000000e+02,0.000000000000000000e+00
2.800000000000000000e+01,-9.600000000000000000e+01,2.800000000000000000e+01
2.900000000000000000e+01,-9.800000000000000000e+01,1.989974874213239886e+01
3.000000000000000000e+01,-1.000000000000000000e+02,0.000000000000000000e+00
3.100000000000000000e+01,-1.000000000000000000e+02,0.000000000000000000e+00
3.200000000000000000e+01,-1.000000000000000000e+02,0.000000000000000000e+00
3.300000000000000000e+01,-1.000000000000000000e+02,0.000000000000000000e+00
3.400000000000000000e+01,-1.000000000000000000e+02,0.000000000000000000e+00
3.500000000000000000e+01,-9.800000000000000000e+01,1.989974874213239886e+01
3.600000000000000000e+01,-1.000000000000000000e+02,0.000000000000000000e+00
3.700000000000000000e+01,-9.200000000000000000e+01,3.919183588453084610e+01
3.800000000000000000e+01,-1.000000000000000000e+02,0.000000000000000000e+00
3.900000000000000000e+01,-9.800000000000000000e+01,1.989974874213239886e+01
4.000000000000000000e+01,-9.800000000000000000e+01,1.989974874213239886e+01
4.100000000000000000e+01,-9.600000000000000000e+01,2.800000000000000000e+01
4.200000000000000000e+01,-1.000000000000000000e+02,0.000000000000000000e+00
4.300000000000000000e+01,-1.000000000000000000e+02,0.000000000000000000e+00
4.400000000000000000e+01,-9.800000000000000000e+01,1.989974874213239886e+01
4.500000000000000000e+01,-9.600000000000000000e+01,2.800000000000000000e+01
4.600000000000000000e+01,-1.000000000000000000e+02,0.000000000000000000e+00
4.700000000000000000e+01,-9.800000000000000000e+01,1.989974874213239886e+01
4.800000000000000000e+01,-9.600000000000000000e+01,2.800000000000000000e+01
4.900000000000000000e+01,-9.600000000000000000e+01,2.800000000000000000e+01
5.000000000000000000e+01,-9.600000000000000000e+01,2.800000000000000000e+01
5.100000000000000000e+01,-9.200000000000000000e+01,3.919183588453084610e+01
5.200000000000000000e+01,-9.400000000000000000e+01,3.411744421846395880e+01
5.300000000000000000e+01,-9.200000000000000000e+01,3.919183588453084610e+01
5.400000000000000000e+01,-9.200000000000000000e+01,3.919183588453084610e+01
5.500000000000000000e+01,-9.400000000000000000e+01,3.411744421846395880e+01
5.600000000000000000e+01,-9.600000000000000000e+01,2.800000000000000000e+01
5.700000000000000000e+01,-8.800000000000000000e+01,4.749736834815166731e+01
5.800000000000000000e+01,-9.000000000000000000e+01,4.358898943540673798e+01
5.900000000000000000e+01,-8.800000000000000000e+01,4.749736834815166731e+01
6.000000000000000000e+01,-9.600000000000000000e+01,2.800000000000000000e+01
6.100000000000000000e+01,-9.200000000000000000e+01,3.919183588453084610e+01
6.200000000000000000e+01,-9.200000000000000000e+01,3.919183588453084610e+01
6.300000000000000000e+01,-9.800000000000000000e+01,1.989974874213239886e+01
6.400000000000000000e+01,-9.200000000000000000e+01,3.919183588453084610e+01
6.500000000000000000e+01,-9.400000000000000000e+01,3.411744421846395880e+01
6.600000000000000000e+01,-9.600000000000000000e+01,2.800000000000000000e+01
6.700000000000000000e+01,-8.800000000000000000e+01,4.749736834815166731e+01
6.800000000000000000e+01,-9.400000000000000000e+01,3.411744421846395880e+01
6.900000000000000000e+01,-9.200000000000000000e+01,3.919183588453084610e+01
7.000000000000000000e+01,-8.000000000000000000e+01,6.000000000000000000e+01
7.100000000000000000e+01,-9.400000000000000000e+01,3.411744421846395880e+01
7.200000000000000000e+01,-8.800000000000000000e+01,4.749736834815166731e+01
7.300000000000000000e+01,-9.000000000000000000e+01,4.358898943540673798e+01
7.400000000000000000e+01,-8.600000000000000000e+01,5.102940328869229347e+01
7.500000000000000000e+01,-9.000000000000000000e+01,4.358898943540673798e+01
7.600000000000000000e+01,-9.000000000000000000e+01,4.358898943540673798e+01
7.700000000000000000e+01,-8.200000000000000000e+01,5.723635208501674043e+01
7.800000000000000000e+01,-8.600000000000000000e+01,5.102940328869229347e+01
7.900000000000000000e+01,-8.600000000000000000e+01,5.102940328869229347e+01
8.000000000000000000e+01,-8.400000000000000000e+01,5.425863986500214509e+01
8.100000000000000000e+01,-8.800000000000000000e+01,4.749736834815166731e+01
8.200000000000000000e+01,-8.600000000000000000e+01,5.102940328869229347e+01
8.300000000000000000e+01,-8.400000000000000000e+01,5.425863986500214509e+01
8.400000000000000000e+01,-7.600000000000000000e+01,6.499230723708768664e+01
8.500000000000000000e+01,-8.400000000000000000e+01,5.425863986500214509e+01
8.600000000000000000e+01,-8.600000000000000000e+01,5.102940328869229347e+01
8.700000000000000000e+01,-7.800000000000000000e+01,6.257795138864806006e+01
8.800000000000000000e+01,-8.800000000000000000e+01,4.749736834815166731e+01
8.900000000000000000e+01,-8.000000000000000000e+01,6.000000000000000000e+01
9.000000000000000000e+01,-8.400000000000000000e+01,5.425863986500214509e+01
9.100000000000000000e+01,-9.000000000000000000e+01,4.358898943540673798e+01
9.200000000000000000e+01,-8.600000000000000000e+01,5.102940328869229347e+01
9.300000000000000000e+01,-8.400000000000000000e+01,5.425863986500214509e+01
9.400000000000000000e+01,-7.800000000000000000e+01,6.257795138864806006e+01
9.500000000000000000e+01,-8.000000000000000000e+01,6.000000000000000000e+01
9.600000000000000000e+01,-7.500000000000000000e+01,6.538348415311010342e+01
9.700000000000000000e+01,-8.200000000000000000e+01,5.723635208501674043e+01
9.800000000000000000e+01,-7.800000000000000000e+01,6.257795138864806006e+01
9.900000000000000000e+01,-7.400000000000000000e+01,6.726068688320094680e+01
1.000000000000000000e+02,-7.400000000000000000e+01,6.726068688320094680e+01
1.010000000000000000e+02,-7.400000000000000000e+01,6.726068688320094680e+01
1.020000000000000000e+02,-7.600000000000000000e+01,6.499230723708768664e+01
1.030000000000000000e+02,-7.600000000000000000e+01,6.499230723708768664e+01
1.040000000000000000e+02,-7.200000000000000000e+01,6.939740629158988838e+01
1.050000000000000000e+02,-7.200000000000000000e+01,6.939740629158988838e+01
1.060000000000000000e+02,-7.300000000000000000e+01,6.760917097554147404e+01
1.070000000000000000e+02,-7.300000000000000000e+01,6.760917097554147404e+01
1.080000000000000000e+02,-7.600000000000000000e+01,6.499230723708768664e+01
1.090000000000000000e+02,-8.200000000000000000e+01,5.723635208501674043e+01
1.100000000000000000e+02,-6.800000000000000000e+01,7.332121111929343726e+01
1.110000000000000000e+02,-7.400000000000000000e+01,6.726068688320094680e+01
1.120000000000000000e+02,-7.200000000000000000e+01,6.939740629158988838e+01
1.130000000000000000e+02,-7.200000000000000000e+01,6.939740629158988838e+01
1.140000000000000000e+02,-7.200000000000000000e+01,6.939740629158988838e+01
1.150000000000000000e+02,-7.800000000000000000e+01,6.257795138864806006e+01
1.160000000000000000e+02,-7.200000000000000000e+01,6.939740629158988838e+01
1.170000000000000000e+02,-7.300000000000000000e+01,6.760917097554147404e+01
1.180000000000000000e+02,-6.300000000000000000e+01,7.701298591796061999e+01
1.190000000000000000e+02,-6.600000000000000000e+01,7.512655988397179385e+01
1.200000000000000000e+02,-6.600000000000000000e+01,7.512655988397179385e+01
1.210000000000000000e+02,-7.200000000000000000e+01,6.939740629158988838e+01
1.220000000000000000e+02,-7.200000000000000000e+01,6.939740629158988838e+01
1.230000000000000000e+02,-6.400000000000000000e+01,7.683749084919418237e+01
1.240000000000000000e+02,-6.600000000000000000e+01,7.512655988397179385e+01
1.250000000000000000e+02,-6.000000000000000000e+01,8.000000000000000000e+01
1.260000000000000000e+02,-6.000000000000000000e+01,8.000000000000000000e+01
1.270000000000000000e+02,-6.600000000000000000e+01,7.512655988397179385e+01
1.280000000000000000e+02,-6.700000000000000000e+01,7.355949972641195700e+01
1.290000000000000000e+02,-6.400000000000000000e+01,7.683749084919418237e+01
1.300000000000000000e+02,-6.400000000000000000e+01,7.683749084919418237e+01
1.310000000000000000e+02,-6.500000000000000000e+01,7.533259586659681872e+01
1.320000000000000000e+02,-6.100000000000000000e+01,7.860661549767932854e+01
1.330000000000000000e+02,-6.000000000000000000e+01,8.000000000000000000e+01
1.340000000000000000e+02,-6.000000000000000000e+01,8.000000000000000000e+01
1.350000000000000000e+02,-6.000000000000000000e+01,8.000000000000000000e+01
1.360000000000000000e+02,-6.400000000000000000e+01,7.683749084919418237e+01
1.370000000000000000e+02,-5.900000000000000000e+01,8.011866199581717751e+01
1.380000000000000000e+02,-5.600000000000000000e+01,8.284926070883192040e+01
1.390000000000000000e+02,-5.800000000000000000e+01,8.146164741766520478e+01
1.400000000000000000e+02,-5.500000000000000000e+01,8.291561975888500058e+01
1.410000000000000000e+02,-6.600000000000000000e+01,7.512655988397179385e+01
1.420000000000000000e+02,-6.400000000000000000e+01,7.683749084919418237e+01
1.430000000000000000e+02,-6.100000000000000000e+01,7.860661549767932854e+01
1.440000000000000000e+02,-6.400000000000000000e+01,7.683749084919418237e+01
1.450000000000000000e+02,-6.200000000000000000e+01,7.846018098373212979e+01
1.460000000000000000e+02,-6.300000000000000000e+01,7.701298591796061999e+01
1.470000000000000000e+02,-6.000000000000000000e+01,8.000000000000000000e+01
1.480000000000000000e+02,-6.700000000000000000e+01,7.355949972641195700e+01
1.490000000000000000e+02,-6.600000000000000000e+01,7.512655988397179385e+01
1.500000000000000000e+02,-6.300000000000000000e+01,7.701298591796061999e+01
1.510000000000000000e+02,-5.900000000000000000e+01,8.011866199581717751e+01
1.520000000000000000e+02,-6.100000000000000000e+01,7.860661549767932854e+01
1.530000000000000000e+02,-5.400000000000000000e+01,8.416650165000325501e+01
1.540000000000000000e+02,-5.800000000000000000e+01,8.146164741766520478e+01
1.550000000000000000e+02,-5.600000000000000000e+01,8.284926070883192040e+01
1.560000000000000000e+02,-6.000000000000000000e+01,8.000000000000000000e+01
1.570000000000000000e+02,-4.900000000000000000e+01,8.659676668328904725e+01
1.580000000000000000e+02,-5.300000000000000000e+01,8.420807562223471621e+01
1.590000000000000000e+02,-6.000000000000000000e+01,8.000000000000000000e+01
1.600000000000000000e+02,-5.400000000000000000e+01,8.416650165000325501e+01
1.610000000000000000e+02,-4.500000000000000000e+01,8.874119674649423928e+01
1.620000000000000000e+02,-5.700000000000000000e+01,8.155366331440912120e+01
1.630000000000000000e+02,-5.200000000000000000e+01,8.541662601625048978e+01
1.640000000000000000e+02,-5.600000000000000000e+01,8.284926070883192040e+01
1.650000000000000000e+02,-4.400000000000000000e+01,8.979977728257459546e+01
1.660000000000000000e+02,-4.800000000000000000e+01,8.772684879784523559e+01
1.670000000000000000e+02,-5.500000000000000000e+01,8.291561975888500058e+01
1.680000000000000000e+02,-5.200000000000000000e+01,8.541662601625048978e+01
1.690000000000000000e+02,-4.600000000000000000e+01,8.879189152169244892e+01
1.700000000000000000e+02,-5.400000000000000000e+01,8.296987405076616540e+01
1.710000000000000000e+02,-6.100000000000000000e+01,7.860661549767932854e+01
1.720000000000000000e+02,-5.800000000000000000e+01,8.022468448052632084e+01
1.730000000000000000e+02,-5.000000000000000000e+01,8.660254037844386232e+01
1.740000000000000000e+02,-5.500000000000000000e+01,8.291561975888500058e+01
1.750000000000000000e+02,-5.100000000000000000e+01,8.543418519538884937e+01
1.760000000000000000e+02,-5.400000000000000000e+01,8.416650165000325501e+01
1.770000000000000000e+02,-4.900000000000000000e+01,8.659676668328904725e+01
1.780000000000000000e+02,-4.600000000000000000e+01,8.765842800324450934e+01
1.790000000000000000e+02,-4.600000000000000000e+01,8.765842800324450934e+01
1.800000000000000000e+02,-5.400000000000000000e+01,8.416650165000325501e+01
1.810000000000000000e+02,-4.600000000000000000e+01,8.879189152169244892e+01
1.820000000000000000e+02,-5.100000000000000000e+01,8.543418519538884937e+01
1.830000000000000000e+02,-4.800000000000000000e+01,8.772684879784523559e+01
1.840000000000000000e+02,-4.700000000000000000e+01,8.769834662067466979e+01
1.850000000000000000e+02,-5.000000000000000000e+01,8.660254037844386232e+01
1.860000000000000000e+02,-5.100000000000000000e+01,8.543418519538884937e+01
1.870000000000000000e+02,-4.900000000000000000e+01,8.659676668328904725e+01
1.880000000000000000e+02,-4.300000000000000000e+01,8.972736483370053406e+01
1.890000000000000000e+02,-4.200000000000000000e+01,9.075241043630741444e+01
1.900000000000000000e+02,-3.700000000000000000e+01,9.127431182978045854e+01
1.910000000000000000e+02,-4.400000000000000000e+01,8.979977728257459546e+01
1.920000000000000000e+02,-4.400000000000000000e+01,8.979977728257459546e+01
1.930000000000000000e+02,-3.500000000000000000e+01,9.313968005098578828e+01
1.940000000000000000e+02,-4.600000000000000000e+01,8.879189152169244892e+01
1.950000000000000000e+02,-4.600000000000000000e+01,8.879189152169244892e+01
1.960000000000000000e+02,-3.700000000000000000e+01,9.236341266973627739e+01
1.970000000000000000e+02,-3.600000000000000000e+01,9.329523031752481188e+01
1.980000000000000000e+02,-3.600000000000000000e+01,9.329523031752481188e+01
1.990000000000000000e+02,-4.000000000000000000e+01,9.165151389911679303e+01
2.000000000000000000e+02,-4.600000000000000000e+01,8.765842800324450934e+01
2.010000000000000000e+02,-3.700000000000000000e+01,9.236341266973627739e+01
2.020000000000000000e+02,-4.200000000000000000e+01,9.075241043630741444e+01
2.030000000000000000e+02,-4.000000000000000000e+01,9.165151389911679303e+01
2.040000000000000000e+02,-4.400000000000000000e+01,8.979977728257459546e+01
2.050000000000000000e+02,-3.700000000000000000e+01,9.236341266973627739e+01
2.060000000000000000e+02,-3.500000000000000000e+01,9.313968005098578828e+01
2.070000000000000000e+02,-3.800000000000000000e+01,9.249864863877742494e+01
2.080000000000000000e+02,-3.700000000000000000e+01,9.236341266973627739e+01
2.090000000000000000e+02,-3.400000000000000000e+01,9.404254356406997317e+01
2.100000000000000000e+02,-3.800000000000000000e+01,9.249864863877742494e+01
2.110000000000000000e+02,-2.700000000000000000e+01,9.365361712181756104e+01
2.120000000000000000e+02,-3.900000000000000000e+01,9.153687781435414195e+01
2.130000000000000000e+02,-3.900000000000000000e+01,9.153687781435414195e+01
2.140000000000000000e+02,-3.600000000000000000e+01,9.329523031752481188e+01
2.150000000000000000e+02,-3.600000000000000000e+01,9.221713506718802478e+01
2.160000000000000000e+02,-3.400000000000000000e+01,9.297311439335567229e+01
2.170000000000000000e+02,-3.600000000000000000e+01,9.329523031752481188e+01
2.180000000000000000e+02,-2.900000000000000000e+01,9.517877914745491807e+01
2.190000000000000000e+02,-3.500000000000000000e+01,9.313968005098578828e+01
2.200000000000000000e+02,-3.200000000000000000e+01,9.368030742904295494e+01
2.210000000000000000e+02,-3.100000000000000000e+01,9.348261870529729833e+01
2.220000000000000000e+02,-3.000000000000000000e+01,9.539392014169456502e+01
2.230000000000000000e+02,-3.300000000000000000e+01,9.386692708297209720e+01
2.240000000000000000e+02,-3.900000000000000000e+01,9.153687781435414195e+01
2.250000000000000000e+02,-3.200000000000000000e+01,9.474175425861608346e+01
2.260000000000000000e+02,-3.300000000000000000e+01,9.386692708297209720e+01
2.270000000000000000e+02,-3.700000000000000000e+01,9.236341266973627739e+01
2.280000000000000000e+02,-3.400000000000000000e+01,9.297311439335567229e+01
2.290000000000000000e+02,-3.700000000000000000e+01,9.236341266973627739e+01
2.300000000000000000e+02,-3.000000000000000000e+01,9.433981132056604224e+01
2.310000000000000000e+02,-2.800000000000000000e+01,9.600000000000000000e+01
2.320000000000000000e+02,-3.300000000000000000e+01,9.386692708297209720e+01
2.330000000000000000e+02,-3.600000000000000000e+01,9.221713506718802478e+01
2.340000000000000000e+02,-2.700000000000000000e+01,9.365361712181756104e+01
2.350000000000000000e+02,-3.400000000000000000e+01,9.189124006128113820e+01
2.360000000000000000e+02,-3.300000000000000000e+01,9.386692708297209720e+01
2.370000000000000000e+02,-2.800000000000000000e+01,9.389355675444402038e+01
2.380000000000000000e+02,-3.200000000000000000e+01,9.474175425861608346e+01
2.390000000000000000e+02,-3.300000000000000000e+01,9.279547402756236352e+01
2.400000000000000000e+02,-3.400000000000000000e+01,9.297311439335567229e+01
2.410000000000000000e+02,-3.000000000000000000e+01,9.433981132056604224e+01
2.420000000000000000e+02,-2.700000000000000000e+01,9.576533819707420037e+01
2.430000000000000000e+02,-3.300000000000000000e+01,9.386692708297209720e+01
2.440000000000000000e+02,-2.700000000000000000e+01,9.365361712181756104e+01
2.450000000000000000e+02,-2.200000000000000000e+01,9.547774609824008962e+01
2.460000000000000000e+02,-2.600000000000000000e+01,9.340235543068493484e+01
2.470000000000000000e+02,-2.300000000000000000e+01,9.680392554023829632e+01
2.480000000000000000e+02,-2.400000000000000000e+01,9.604165762834375641e+01
2.490000000000000000e+02,-2.900000000000000000e+01,9.517877914745491807e+01
2.500000000000000000e+02,-2.100000000000000000e+01,9.622369770487932783e+01
2.510000000000000000e+02,-2.200000000000000000e+01,9.651942809610923746e+01
2.520000000000000000e+02,-1.700000000000000000e+01,9.597395480024775338e+01
2.530000000000000000e+02,-2.200000000000000000e+01,9.651942809610923746e+01
2.540000000000000000e+02,-1.700000000000000000e+01,9.701030873056738812e+01
2.550000000000000000e+02,-1.700000000000000000e+01,9.597395480024775338e+01
2.560000000000000000e+02,-1.400000000000000000e+01,9.800000000000000000e+01
2.570000000000000000e+02,-1.600000000000000000e+01,9.769339793455850440e+01
2.580000000000000000e+02,-1.400000000000000000e+01,9.697422337920525592e+01
2.590000000000000000e+02,-1.800000000000000000e+01,9.734474818910365457e+01
2.600000000000000000e+02,-1.600000000000000000e+01,9.769339793455850440e+01
2.610000000000000000e+02,-1.200000000000000000e+01,9.826494797230597555e+01
2.620000000000000000e+02,-8.000000000000000000e+00,9.867117106835208062e+01
2.630000000000000000e+02,-1.300000000000000000e+01,9.762684057163788509e+01
2.640000000000000000e+02,-1.200000000000000000e+01,9.724196624914574727e+01
2.650000000000000000e+02,-1.400000000000000000e+01,9.697422337920525592e+01
2.660000000000000000e+02,-1.800000000000000000e+01,9.734474818910365457e+01
2.670000000000000000e+02,-1.800000000000000000e+01,9.734474818910365457e+01
2.680000000000000000e+02,-1.000000000000000000e+01,9.848857801796104638e+01
2.690000000000000000e+02,-1.300000000000000000e+01,9.762684057163788509e+01
2.700000000000000000e+02,-7.000000000000000000e+00,9.721625378505386550e+01
2.710000000000000000e+02,-1.900000000000000000e+01,9.766780431646859029e+01
2.720000000000000000e+02,-1.000000000000000000e+01,9.848857801796104638e+01
2.730000000000000000e+02,-1.100000000000000000e+01,9.888882646689665989e+01
2.740000000000000000e+02,-1.100000000000000000e+01,9.787236586493656887e+01
2.750000000000000000e+02,-5.000000000000000000e+00,9.630680142129111232e+01
2.760000000000000000e+02,-8.000000000000000000e+00,9.662297863344930704e+01
2.770000000000000000e+02,-8.000000000000000000e+00,9.765244492586961655e+01
2.780000000000000000e+02,-1.100000000000000000e+01,9.684523736353791890e+01
2.790000000000000000e+02,-1.000000000000000000e+01,9.746794344808964183e+01
2.800000000000000000e+02,-1.400000000000000000e+01,9.800000000000000000e+01
2.810000000000000000e+02,-1.000000000000000000e+01,9.848857801796104638e+01
2.820000000000000000e+02,-1.400000000000000000e+01,9.697422337920525592e+01
2.830000000000000000e+02,-7.000000000000000000e+00,9.925220400575496171e+01
2.840000000000000000e+02,-1.300000000000000000e+01,9.762684057163788509e+01
2.850000000000000000e+02,-5.000000000000000000e+00,9.836157786453000540e+01
2.860000000000000000e+02,-6.000000000000000000e+00,9.779570542718120407e+01
2.870000000000000000e+02,-2.000000000000000000e+00,9.693296652842107619e+01
2.880000000000000000e+02,-5.000000000000000000e+00,9.733961166965892176e+01
2.890000000000000000e+02,-6.000000000000000000e+00,9.779570542718120407e+01
2.900000000000000000e+02,-2.000000000000000000e+00,9.693296652842107619e+01
2.910000000000000000e+02,-4.000000000000000000e+00,9.583318840568750829e+01
2.920000000000000000e+02,-9.000000000000000000e+00,9.807650075323853400e+01
2.930000000000000000e+02,-3.000000000000000000e+00,9.638983348880731228e+01
2.940000000000000000e+02,-3.000000000000000000e+00,9.844287683728060756e+01
2.950000000000000000e+02,-7.000000000000000000e+00,9.823950325607312095e+01
2.960000000000000000e+02,-1.300000000000000000e+01,9.762684057163788509e+01
2.970000000000000000e+02,0.000000000000000000e+00,9.797958971132712236e+01
2.980000000000000000e+02,-2.000000000000000000e+00,9.693296652842107619e+01
2.990000000000000000e+02,3.000000000000000000e+00,9.638983348880731228e+01
3.000000000000000000e+02,-3.000000000000000000e+00,9.844287683728060756e+01
3.010000000000000000e+02,-3.000000000000000000e+00,9.742176348229382654e+01
3.020000000000000000e+02,-4.000000000000000000e+00,9.891410415102591003e+01
3.030000000000000000e+02,4.000000000000000000e+00,9.583318840568750829e+01
3.040000000000000000e+02,1.000000000000000000e+00,9.746281342132495240e+01
3.050000000000000000e+02,0.000000000000000000e+00,9.591663046625438938e+01
3.060000000000000000e+02,2.000000000000000000e+00,9.693296652842107619e+01
3.070000000000000000e+02,-1.000000000000000000e+00,9.643132271207318240e+01
3.080000000000000000e+02,3.000000000000000000e+00,9.742176348229382654e+01
3.090000000000000000e+02,-6.000000000000000000e+00,9.779570542718120407e+01
3.100000000000000000e+02,-5.000000000000000000e+00,9.836157786453000540e+01
3.110000000000000000e+02,0.000000000000000000e+00,9.797958971132712236e+01
3.120000000000000000e+02,-1.000000000000000000e+00,9.643132271207318240e+01
3.130000000000000000e+02,6.000000000000000000e+00,9.676776322722355417e+01
3.140000000000000000e+02,-2.000000000000000000e+00,9.693296652842107619e+01
3.150000000000000000e+02,5.000000000000000000e+00,9.630680142129111232e+01
3.160000000000000000e+02,-1.000000000000000000e+00,9.746281342132495240e+01
3.170000000000000000e+02,-1.000000000000000000e+00,9.848350115628505819e+01
3.180000000000000000e+02,3.000000000000000000e+00,9.742176348229382654e+01
3.190000000000000000e+02,-2.000000000000000000e+00,9.795917517006765252e+01
3.200000000000000000e+02,7.000000000000000000e+00,9.823950325607312095e+01
3.210000000000000000e+02,1.000000000000000000e+00,9.848350115628505819e+01
3.220000000000000000e+02,1.000000000000000000e+01,9.643650760992954929e+01
3.230000000000000000e+02,6.000000000000000000e+00,9.572878355019456365e+01
3.240000000000000000e+02,2.000000000000000000e+00,9.693296652842107619e+01
3.250000000000000000e+02,9.000000000000000000e+00,9.705153270299238955e+01
3.260000000000000000e+02,1.100000000000000000e+01,9.580709785814410395e+01
3.270000000000000000e+02,1.100000000000000000e+01,9.684523736353791890e+01
3.280000000000000000e+02,2.000000000000000000e+00,9.693296652842107619e+01
3.290000000000000000e+02,7.000000000000000000e+00,9.823950325607312095e+01
3.300000000000000000e+02,5.000000000000000000e+00,9.733961166965892176e+01
3.310000000000000000e+02,9.000000000000000000e+00,9.705153270299238955e+01
3.320000000000000000e+02,9.000000000000000000e+00,9.705153270299238955e+01
3.330000000000000000e+02,1.900000000000000000e+01,9.240670971309388904e+01
3.340000000000000000e+02,1.100000000000000000e+01,9.684523736353791890e+01
3.350000000000000000e+02,1.100000000000000000e+01,9.580709785814410395e+01
3.360000000000000000e+02,1.600000000000000000e+01,9.457272334029511285e+01
3.370000000000000000e+02,1.200000000000000000e+01,9.620810776644555062e+01
3.380000000000000000e+02,1.500000000000000000e+01,9.526279441628824429e+01
3.390000000000000000e+02,2.000000000000000000e+01,9.273618495495703939e+01
3.400000000000000000e+02,1.500000000000000000e+01,9.420721840708385741e+01
3.410000000000000000e+02,1.400000000000000000e+01,9.593747964169165243e+01
3.420000000000000000e+02,1.100000000000000000e+01,9.580709785814410395e+01
3.430000000000000000e+02,1.100000000000000000e+01,9.684523736353791890e+01
3.440000000000000000e+02,1.800000000000000000e+01,9.421252570651101621e+01
3.450000000000000000e+02,1.100000000000000000e+01,9.684523736353791890e+01
3.460000000000000000e+02,1.800000000000000000e+01,9.206519429187123649e+01
3.470000000000000000e+02,1.300000000000000000e+01,9.659710140578754078e+01
3.480000000000000000e+02,2.300000000000000000e+01,9.039358384310249050e+01
3.490000000000000000e+02,1.700000000000000000e+01,9.492628719169417195e+01
3.500000000000000000e+02,1.100000000000000000e+01,9.684523736353791890e+01
3.510000000000000000e+02,1.800000000000000000e+01,9.421252570651101621e+01
3.520000000000000000e+02,1.600000000000000000e+01,9.562426470305535986e+01
3.530000000000000000e+02,1.600000000000000000e+01,9.350935782048767919e+01
3.540000000000000000e+02,1.500000000000000000e+01,9.526279441628824429e+01
3.550000000000000000e+02,1.700000000000000000e+01,9.492628719169417195e+01
3.560000000000000000e+02,1.600000000000000000e+01,9.562426470305535986e+01
3.570000000000000000e+02,2.300000000000000000e+01,9.149316914393118338e+01
3.580000000000000000e+02,1.900000000000000000e+01,9.454628496138809624e+01
3.590000000000000000e+02,1.800000000000000000e+01,9.526804291051642792e+01
3.600000000000000000e+02,2.300000000000000000e+01,9.257969539807311321e+01
3.610000000000000000e+02,2.200000000000000000e+01,9.228217596047461768e+01
3.620000000000000000e+02,1.800000000000000000e+01,9.421252570651101621e+01
3.630000000000000000e+02,2.100000000000000000e+01,9.305374790947433894e+01
3.640000000000000000e+02,2.500000000000000000e+01,9.096702699330126052e+01
3.650000000000000000e+02,1.500000000000000000e+01,9.630680142129111232e+01
3.660000000000000000e+02,2.200000000000000000e+01,9.335952013587045428e+01
3.670000000000000000e+02,2.700000000000000000e+01,9.039358384310249050e+01
3.680000000000000000e+02,2.000000000000000000e+01,9.273618495495703939e+01
3.690000000000000000e+02,2.000000000000000000e+01,9.380831519646859817e+01
3.700000000000000000e+02,2.500000000000000000e+01,9.205976319760983984e+01
3.710000000000000000e+02,2.300000000000000000e+01,9.149316914393118338e+01
3.720000000000000000e+02,1.700000000000000000e+01,9.492628719169417195e+01
3.730000000000000000e+02,2.100000000000000000e+01,9.517877914745491807e+01
3.740000000000000000e+02,3.000000000000000000e+01,8.888194417315588680e+01
3.750000000000000000e+02,1.700000000000000000e+01,9.492628719169417195e+01
3.760000000000000000e+02,2.600000000000000000e+01,9.013323471394998876e+01
3.770000000000000000e+02,2.300000000000000000e+01,9.257969539807311321e+01
3.780000000000000000e+02,1.900000000000000000e+01,9.559811713627000529e+01
3.790000000000000000e+02,2.000000000000000000e+01,9.380831519646859817e+01
3.800000000000000000e+02,1.900000000000000000e+01,9.454628496138809624e+01
3.810000000000000000e+02,2.200000000000000000e+01,9.442457307290301571e+01
3.820000000000000000e+02,3.000000000000000000e+01,9.000000000000000000e+01
3.830000000000000000e+02,2.500000000000000000e+01,9.205976319760983984e+01
3.840000000000000000e+02,2.600000000000000000e+01,9.232551110067032596e+01
3.850000000000000000e+02,2.900000000000000000e+01,8.977193325310534533e+01
3.860000000000000000e+02,3.200000000000000000e+01,8.930845424706443225e+01
3.870000000000000000e+02,2.800000000000000000e+01,9.064215354899728538e+01
3.880000000000000000e+02,3.300000000000000000e+01,8.950418984606251627e+01
3.890000000000000000e+02,2.800000000000000000e+01,9.282241108697834875e+01
3.900000000000000000e+02,3.300000000000000000e+01,8.724104538575865320e+01
3.910000000000000000e+02,3.700000000000000000e+01,8.678133439859057319e+01
3.920000000000000000e+02,3.800000000000000000e+01,8.340263784797217284e+01
3.930000000000000000e+02,3.700000000000000000e+01,8.678133439859057319e+01
3.940000000000000000e+02,3.200000000000000000e+01,9.152048950918040759e+01
3.950000000000000000e+02,3.400000000000000000e+01,8.627861844049196804e+01
3.960000000000000000e+02,3.300000000000000000e+01,8.724104538575865320e+01
3.970000000000000000e+02,3.400000000000000000e+01,8.968834929911464826e+01
3.980000000000000000e+02,3.800000000000000000e+01,8.692525524840291951e+01
3.990000000000000000e+02,3.000000000000000000e+01,9.000000000000000000e+01
4.000000000000000000e+02,3.700000000000000000e+01,8.562125904236634710e+01
4.010000000000000000e+02,3.500000000000000000e+01,8.874119674649423928e+01
4.020000000000000000e+02,3.200000000000000000e+01,8.930845424706443225e+01
4.030000000000000000e+02,3.400000000000000000e+01,8.856635930193812101e+01
4.040000000000000000e+02,3.800000000000000000e+01,8.692525524840291951e+01
4.050000000000000000e+02,4.100000000000000000e+01,8.496469855181032926e+01
4.060000000000000000e+02,3.400000000000000000e+01,8.742997197757757988e+01
4.070000000000000000e+02,4.200000000000000000e+01,8.268010643437754936e+01
4.080000000000000000e+02,4.300000000000000000e+01,8.277076778670111423e+01
4.090000000000000000e+02,3.600000000000000000e+01,8.777243302996676277e+01
4.100000000000000000e+02,3.700000000000000000e+01,8.562125904236634710e+01
4.110000000000000000e+02,3.500000000000000000e+01,8.874119674649423928e+01
4.120000000000000000e+02,4.300000000000000000e+01,8.397023282092291652e+01
4.130000000000000000e+02,4.100000000000000000e+01,8.377947242612596312e+01
4.140000000000000000e+02,4.500000000000000000e+01,8.291561975888500058e+01
4.150000000000000000e+02,4.000000000000000000e+01,8.717797887081347596e+01
4.160000000000000000e+02,4.400000000000000000e+01,8.404760555780278253e+01
4.170000000000000000e+02,4.200000000000000000e+01,8.388086790204307874e+01
4.180000000000000000e+02,4.100000000000000000e+01,8.613361713059541103e+01
4.190000000000000000e+02,4.200000000000000000e+01,8.388086790204307874e+01
4.200000000000000000e+02,4.300000000000000000e+01,8.277076778670111423e+01
4.210000000000000000e+02,4.300000000000000000e+01,8.397023282092291652e+01
4.220000000000000000e+02,4.300000000000000000e+01,8.515280382935138448e+01
4.230000000000000000e+02,4.300000000000000000e+01,8.397023282092291652e+01
4.240000000000000000e+02,4.400000000000000000e+01,8.522910301065006422e+01
4.250000000000000000e+02,4.500000000000000000e+01,8.170067319184096277e+01
4.260000000000000000e+02,4.400000000000000000e+01,8.404760555780278253e+01
4.270000000000000000e+02,4.900000000000000000e+01,7.936623967405787994e+01
4.280000000000000000e+02,4.100000000000000000e+01,8.728688332160794516e+01
4.290000000000000000e+02,4.600000000000000000e+01,8.296987405076616540e+01
4.300000000000000000e+02,4.700000000000000000e+01,8.179853299418027746e+01
4.310000000000000000e+02,4.400000000000000000e+01,8.522910301065006422e+01
4.320000000000000000e+02,4.500000000000000000e+01,8.291561975888500058e+01
4.330000000000000000e+02,4.900000000000000000e+01,7.936623967405787994e+01
4.340000000000000000e+02,4.600000000000000000e+01,8.175573374387877834e+01
4.350000000000000000e+02,5.000000000000000000e+01,8.062257748298549132e+01
4.360000000000000000e+02,4.600000000000000000e+01,8.175573374387877834e+01
4.370000000000000000e+02,5.100000000000000000e+01,8.061637550770934979e+01
4.380000000000000000e+02,5.200000000000000000e+01,7.934733769950949522e+01
4.390000000000000000e+02,5.700000000000000000e+01,7.517313349861105110e+01
4.400000000000000000e+02,4.700000000000000000e+01,8.301204731844649132e+01
4.410000000000000000e+02,5.000000000000000000e+01,8.062257748298549132e+01
4.420000000000000000e+02,5.400000000000000000e+01,7.800000000000000000e+01
4.430000000000000000e+02,5.400000000000000000e+01,7.927168473042566177e+01
4.440000000000000000e+02,5.600000000000000000e+01,7.525955088890711409e+01
4.450000000000000000e+02,5.900000000000000000e+01,7.224264668462804195e+01
4.460000000000000000e+02,5.900000000000000000e+01,7.224264668462804195e+01
4.470000000000000000e+02,5.600000000000000000e+01,7.525955088890711409e+01
4.480000000000000000e+02,5.500000000000000000e+01,7.794228634059948035e+01
4.490000000000000000e+02,5.400000000000000000e+01,7.800000000000000000e+01
4.500000000000000000e+02,5.700000000000000000e+01,7.517313349861105110e+01
4.510000000000000000e+02,5.500000000000000000e+01,7.664854858377945845e+01
4.520000000000000000e+02,5.300000000000000000e+01,7.543871685016918605e+01
4.530000000000000000e+02,5.500000000000000000e+01,7.664854858377945845e+01
4.540000000000000000e+02,5.900000000000000000e+01,7.224264668462804195e+01
4.550000000000000000e+02,5.500000000000000000e+01,7.664854858377945845e+01
4.560000000000000000e+02,5.800000000000000000e+01,7.507329751649383809e+01
4.570000000000000000e+02,5.000000000000000000e+01,8.185352771872449296e+01
4.580000000000000000e+02,5.900000000000000000e+01,7.361385739111896953e+01
4.590000000000000000e+02,5.800000000000000000e+01,7.372923436466705027e+01
4.600000000000000000e+02,6.100000000000000000e+01,6.913031173081746772e+01
4.610000000000000000e+02,5.700000000000000000e+01,7.517313349861105110e+01
4.620000000000000000e+02,5.800000000000000000e+01,7.372923436466705027e+01
4.630000000000000000e+02,6.000000000000000000e+01,7.211102550927978427e+01
4.640000000000000000e+02,6.200000000000000000e+01,6.749814812274482279e+01
4.650000000000000000e+02,6.500000000000000000e+01,6.538348415311010342e+01
4.660000000000000000e+02,5.800000000000000000e+01,7.507329751649383809e+01
4.670000000000000000e+02,6.100000000000000000e+01,7.196526940128828187e+01
4.680000000000000000e+02,5.800000000000000000e+01,7.639371701913711377e+01
4.690000000000000000e+02,6.200000000000000000e+01,7.039886362719217061e+01
4.700000000000000000e+02,6.500000000000000000e+01,6.538348415311010342e+01
4.710000000000000000e+02,6.000000000000000000e+01,7.483314773547883192e+01
4.720000000000000000e+02,6.100000000000000000e+01,7.196526940128828187e+01
4.730000000000000000e+02,6.200000000000000000e+01,7.180529228406496145e+01
4.740000000000000000e+02,6.100000000000000000e+01,7.056202944927250087e+01
4.750000000000000000e+02,5.800000000000000000e+01,7.236021006050216897e+01
4.760000000000000000e+02,6.100000000000000000e+01,7.196526940128828187e+01
4.770000000000000000e+02,6.200000000000000000e+01,7.180529228406496145e+01
4.780000000000000000e+02,6.500000000000000000e+01,6.837397165588672010e+01
4.790000000000000000e+02,6.100000000000000000e+01,7.469270379361026357e+01
4.800000000000000000e+02,6.200000000000000000e+01,7.180529228406496145e+01
4.810000000000000000e+02,6.800000000000000000e+01,6.462197768561404132e+01
4.820000000000000000e+02,6.100000000000000000e+01,7.334166619323561065e+01
4.830000000000000000e+02,6.100000000000000000e+01,7.334166619323561065e+01
4.840000000000000000e+02,6.400000000000000000e+01,7.002856560004639164e+01
4.850000000000000000e+02,5.800000000000000000e+01,7.639371701913711377e+01
4.860000000000000000e+02,6.600000000000000000e+01,6.666333324999582999e+01
4.870000000000000000e+02,6.200000000000000000e+01,7.180529228406496145e+01
4.880000000000000000e+02,6.000000000000000000e+01,7.483314773547883192e+01
4.890000000000000000e+02,6.800000000000000000e+01,6.462197768561404132e+01
4.900000000000000000e+02,6.300000000000000000e+01,7.163099887618488992e+01
4.910000000000000000e+02,6.100000000000000000e+01,7.196526940128828187e+01
4.920000000000000000e+02,6.500000000000000000e+01,6.982120021884470873e+01
4.930000000000000000e+02,6.800000000000000000e+01,6.462197768561404132e+01
4.940000000000000000e+02,6.400000000000000000e+01,6.858571279792899134e+01
4.950000000000000000e+02,6.600000000000000000e+01,6.514598989960931874e+01
4.960000000000000000e+02,7.100000000000000000e+01,5.881326381013045079e+01
4.970000000000000000e+02,6.300000000000000000e+01,7.022107945624304648e+01
4.980000000000000000e+02,6.200000000000000000e+01,7.180529228406496145e+01
4.990000000000000000e+02,6.300000000000000000e+01,7.022107945624304648e+01
5.000000000000000000e+02,6.300000000000000000e+01,7.022107945624304648e+01
5.010000000000000000e+02,6.700000000000000000e+01,6.489221833163048814e+01
5.020000000000000000e+02,6.300000000000000000e+01,7.301369734508723752e+01
5.030000000000000000e+02,6.500000000000000000e+01,6.982120021884470873e+01
5.040000000000000000e+02,6.900000000000000000e+01,6.276145313805282200e+01
5.050000000000000000e+02,6.500000000000000000e+01,6.689544080129826398e+01
5.060000000000000000e+02,6.700000000000000000e+01,6.641535966928131529e+01
5.070000000000000000e+02,6.600000000000000000e+01,6.666333324999582999e+01
5.080000000000000000e+02,6.500000000000000000e+01,6.837397165588672010e+01
5.090000000000000000e+02,5.900000000000000000e+01,7.495998932764064193e+01
5.100000000000000000e+02,6.100000000000000000e+01,7.334166619323561065e+01
5.110000000000000000e+02,6.700000000000000000e+01,6.641535966928131529e+01
5.120000000000000000e+02,6.300000000000000000e+01,7.022107945624304648e+01
5.130000000000000000e+02,6.300000000000000000e+01,7.022107945624304648e+01
5.140000000000000000e+02,6.100000000000000000e+01,7.469270379361026357e+01
5.150000000000000000e+02,6.500000000000000000e+01,6.982120021884470873e+01
5.160000000000000000e+02,7.100000000000000000e+01,5.881326381013045079e+01
5.170000000000000000e+02,6.500000000000000000e+01,6.837397165588672010e+01
5.180000000000000000e+02,6.300000000000000000e+01,7.022107945624304648e+01
5.190000000000000000e+02,6.400000000000000000e+01,6.858571279792899134e+01
5.200000000000000000e+02,7.000000000000000000e+01,6.082762530298219872e+01
5.210000000000000000e+02,6.900000000000000000e+01,6.114736298484179144e+01
5.220000000000000000e+02,6.900000000000000000e+01,6.276145313805282200e+01
5.230000000000000000e+02,6.900000000000000000e+01,6.114736298484179144e+01
5.240000000000000000e+02,6.700000000000000000e+01,6.641535966928131529e+01
5.250000000000000000e+02,6.200000000000000000e+01,7.318469785412794693e+01
5.260000000000000000e+02,6.100000000000000000e+01,7.334166619323561065e+01
5.270000000000000000e+02,6.900000000000000000e+01,6.114736298484179144e+01
5.280000000000000000e+02,7.100000000000000000e+01,5.881326381013045079e+01
5.290000000000000000e+02,6.700000000000000000e+01,6.489221833163048814e+01
5.300000000000000000e+02,6.700000000000000000e+01,6.489221833163048814e+01
5.310000000000000000e+02,6.800000000000000000e+01,6.144916598294886256e+01
5.320000000000000000e+02,6.500000000000000000e+01,6.982120021884470873e+01
5.330000000000000000e+02,6.500000000000000000e+01,6.689544080129826398e+01
5.340000000000000000e+02,6.700000000000000000e+01,6.489221833163048814e+01
5.350000000000000000e+02,6.700000000000000000e+01,6.489221833163048814e+01
5.360000000000000000e+02,6.800000000000000000e+01,6.462197768561404132e+01
5.370000000000000000e+02,6.700000000000000000e+01,6.641535966928131529e+01
5.380000000000000000e+02,6.100000000000000000e+01,7.334166619323561065e+01
5.390000000000000000e+02,6.300000000000000000e+01,7.022107945624304648e+01
5.400000000000000000e+02,6.600000000000000000e+01,6.666333324999582999e+01
5.410000000000000000e+02,6.800000000000000000e+01,6.305553108173778298e+01
5.420000000000000000e+02,6.800000000000000000e+01,6.462197768561404132e+01
5.430000000000000000e+02,6.800000000000000000e+01,6.462197768561404132e+01
5.440000000000000000e+02,6.500000000000000000e+01,6.982120021884470873e+01
5.450000000000000000e+02,6.500000000000000000e+01,6.837397165588672010e+01
5.460000000000000000e+02,6.500000000000000000e+01,6.837397165588672010e+01
5.470000000000000000e+02,6.100000000000000000e+01,7.196526940128828187e+01
5.480000000000000000e+02,6.100000000000000000e+01,7.334166619323561065e+01
5.490000000000000000e+02,6.400000000000000000e+01,7.002856560004639164e+01
5.500000000000000000e+02,6.700000000000000000e+01,6.333245613427605036e+01
5.510000000000000000e+02,6.800000000000000000e+01,6.144916598294886256e+01
5.520000000000000000e+02,6.900000000000000000e+01,6.276145313805282200e+01
5.530000000000000000e+02,6.500000000000000000e+01,6.689544080129826398e+01
5.540000000000000000e+02,6.900000000000000000e+01,6.114736298484179144e+01
5.550000000000000000e+02,6.800000000000000000e+01,6.462197768561404132e+01
5.560000000000000000e+02,7.100000000000000000e+01,5.881326381013045079e+01
5.570000000000000000e+02,6.300000000000000000e+01,7.022107945624304648e+01
5.580000000000000000e+02,6.200000000000000000e+01,7.180529228406496145e+01
5.590000000000000000e+02,6.500000000000000000e+01,6.689544080129826398e+01
5.600000000000000000e+02,6.900000000000000000e+01,6.114736298484179144e+01
5.610000000000000000e+02,6.800000000000000000e+01,6.462197768561404132e+01
5.620000000000000000e+02,6.600000000000000000e+01,6.666333324999582999e+01
5.630000000000000000e+02,7.000000000000000000e+01,6.082762530298219872e+01
5.640000000000000000e+02,7.200000000000000000e+01,5.670978751503130155e+01
5.650000000000000000e+02,6.700000000000000000e+01,6.489221833163048814e+01
5.660000000000000000e+02,6.700000000000000000e+01,6.641535966928131529e+01
5.670000000000000000e+02,6.800000000000000000e+01,6.462197768561404132e+01
5.680000000000000000e+02,6.600000000000000000e+01,6.666333324999582999e+01
5.690000000000000000e+02,6.200000000000000000e+01,7.318469785412794693e+01
5.700000000000000000e+02,6.800000000000000000e+01,6.305553108173778298e+01
5.710000000000000000e+02,6.900000000000000000e+01,5.948949487094338906e+01
5.720000000000000000e+02,7.500000000000000000e+01,5.172040216394299961e+01
5.730000000000000000e+02,7.400000000000000000e+01,5.407402333838309971e+01
5.740000000000000000e+02,6.900000000000000000e+01,6.433506042586732576e+01
5.750000000000000000e+02,6.500000000000000000e+01,6.837397165588672010e+01
5.760000000000000000e+02,6.700000000000000000e+01,6.790434448545984480e+01
5.770000000000000000e+02,7.600000000000000000e+01,4.923413450036468220e+01
5.780000000000000000e+02,7.100000000000000000e+01,6.048966853934645371e+01
5.790000000000000000e+02,7.000000000000000000e+01,6.244997998398397954e+01
5.800000000000000000e+02,7.100000000000000000e+01,5.881326381013045079e+01
5.810000000000000000e+02,6.600000000000000000e+01,6.814690014960328313e+01
5.820000000000000000e+02,6.700000000000000000e+01,6.489221833163048814e+01
5.830000000000000000e+02,7.100000000000000000e+01,5.530822723609933433e+01
5.840000000000000000e+02,7.000000000000000000e+01,6.244997998398397954e+01
5.850000000000000000e+02,6.500000000000000000e+01,6.837397165588672010e+01
5.860000000000000000e+02,6.700000000000000000e+01,6.489221833163048814e+01
5.870000000000000000e+02,7.000000000000000000e+01,6.082762530298219872e+01
5.880000000000000000e+02,6.800000000000000000e+01,6.615134163416490765e+01
5.890000000000000000e+02,7.100000000000000000e+01,6.048966853934645371e+01
5.900000000000000000e+02,7.000000000000000000e+01,6.082762530298219872e+01
5.910000000000000000e+02,7.100000000000000000e+01,6.048966853934645371e+01
5.920000000000000000e+02,7.000000000000000000e+01,6.244997998398397954e+01
5.930000000000000000e+02,7.200000000000000000e+01,5.670978751503130155e+01
5.940000000000000000e+02,7.100000000000000000e+01,6.048966853934645371e+01
5.950000000000000000e+02,7.000000000000000000e+01,6.082762530298219872e+01
5.960000000000000000e+02,7.000000000000000000e+01,6.082762530298219872e+01
5.970000000000000000e+02,7.400000000000000000e+01,5.407402333838309971e+01
5.980000000000000000e+02,7.100000000000000000e+01,5.881326381013045079e+01
5.990000000000000000e+02,7.000000000000000000e+01,6.244997998398397954e+01
6.000000000000000000e+02,7.400000000000000000e+01,5.407402333838309971e+01
6.010000000000000000e+02,6.800000000000000000e+01,6.462197768561404132e+01
6.020000000000000000e+02,6.600000000000000000e+01,6.814690014960328313e+01
6.030000000000000000e+02,6.800000000000000000e+01,6.615134163416490765e+01
6.040000000000000000e+02,7.300000000000000000e+01,5.631163290120434795e+01
6.050000000000000000e+02,7.100000000000000000e+01,6.048966853934645371e+01
6.060000000000000000e+02,7.200000000000000000e+01,5.670978751503130155e+01
6.070000000000000000e+02,7.000000000000000000e+01,6.244997998398397954e+01
6.080000000000000000e+02,7.100000000000000000e+01,6.048966853934645371e+01
6.090000000000000000e+02,7.200000000000000000e+01,5.844655678480982886e+01
6.100000000000000000e+02,6.900000000000000000e+01,6.433506042586732576e+01
6.110000000000000000e+02,7.000000000000000000e+01,6.244997998398397954e+01
6.120000000000000000e+02,7.000000000000000000e+01,6.244997998398397954e+01
6.130000000000000000e+02,7.400000000000000000e+01,5.407402333838309971e+01
6.140000000000000000e+02,7.000000000000000000e+01,6.082762530298219872e+01
6.150000000000000000e+02,7.100000000000000000e+01,5.881326381013045079e+01
6.160000000000000000e+02,7.000000000000000000e+01,6.244997998398397954e+01
6.170000000000000000e+02,6.800000000000000000e+01,6.305553108173778298e+01
6.180000000000000000e+02,6.400000000000000000e+01,6.711184694225006808e+01
6.190000000000000000e+02,7.400000000000000000e+01,5.407402333838309971e+01
6.200000000000000000e+02,7.400000000000000000e+01,5.407402333838309971e+01
6.210000000000000000e+02,7.300000000000000000e+01,5.450688029964657488e+01
6.220000000000000000e+02,7.000000000000000000e+01,6.082762530298219872e+01
6.230000000000000000e+02,6.700000000000000000e+01,6.641535966928131529e+01
6.240000000000000000e+02,7.300000000000000000e+01,5.631163290120434795e+01
6.250000000000000000e+02,7.200000000000000000e+01,5.670978751503130155e+01
6.260000000000000000e+02,7.100000000000000000e+01,6.048966853934645371e+01
6.270000000000000000e+02,6.500000000000000000e+01,6.837397165588672010e+01
6.280000000000000000e+02,7.100000000000000000e+01,6.048966853934645371e+01
6.290000000000000000e+02,7.000000000000000000e+01,6.082762530298219872e+01
6.300000000000000000e+02,6.500000000000000000e+01,6.837397165588672010e+01
6.310000000000000000e+02,7.100000000000000000e+01,5.881326381013045079e+01
6.320000000000000000e+02,7.400000000000000000e+01,5.589275444992848207e+01
6.330000000000000000e+02,7.400000000000000000e+01,5.407402333838309971e+01
6.340000000000000000e+02,7.400000000000000000e+01,5.589275444992848207e+01
6.350000000000000000e+02,7.500000000000000000e+01,5.172040216394299961e+01
6.360000000000000000e+02,7.000000000000000000e+01,6.244997998398397954e+01
6.370000000000000000e+02,7.100000000000000000e+01,6.212084996198941411e+01
6.380000000000000000e+02,7.400000000000000000e+01,5.407402333838309971e+01
6.390000000000000000e+02,7.200000000000000000e+01,5.844655678480982886e+01
6.400000000000000000e+02,7.400000000000000000e+01,5.589275444992848207e+01
6.410000000000000000e+02,7.400000000000000000e+01,5.589275444992848207e+01
6.420000000000000000e+02,7.000000000000000000e+01,6.082762530298219872e+01
6.430000000000000000e+02,7.500000000000000000e+01,5.172040216394299961e+01
6.440000000000000000e+02,7.300000000000000000e+01,5.631163290120434795e+01
6.450000000000000000e+02,7.400000000000000000e+01,5.589275444992848207e+01
6.460000000000000000e+02,7.300000000000000000e+01,5.450688029964657488e+01
6.470000000000000000e+02,7.500000000000000000e+01,5.361902647381803888e+01
6.480000000000000000e+02,7.100000000000000000e+01,6.212084996198941411e+01
6.490000000000000000e+02,6.700000000000000000e+01,6.489221833163048814e+01
6.500000000000000000e+02,7.300000000000000000e+01,5.806031346797914239e+01
6.510000000000000000e+02,7.400000000000000000e+01,5.407402333838309971e+01
6.520000000000000000e+02,6.900000000000000000e+01,6.276145313805282200e+01
6.530000000000000000e+02,7.300000000000000000e+01,5.631163290120434795e+01
6.540000000000000000e+02,7.500000000000000000e+01,5.361902647381803888e+01
6.550000000000000000e+02,7.600000000000000000e+01,5.122499389946278825e+01
6.560000000000000000e+02,7.300000000000000000e+01,5.806031346797914239e+01
6.570000000000000000e+02,7.300000000000000000e+01,5.631163290120434795e+01
6.580000000000000000e+02,7.600000000000000000e+01,5.122499389946278825e+01
6.590000000000000000e+02,7.400000000000000000e+01,5.589275444992848207e+01
6.600000000000000000e+02,7.600000000000000000e+01,5.122499389946278825e+01
6.610000000000000000e+02,7.400000000000000000e+01,5.589275444992848207e+01
6.620000000000000000e+02,7.200000000000000000e+01,5.844655678480982886e+01
6.630000000000000000e+02,7.400000000000000000e+01,5.407402333838309971e+01
6.640000000000000000e+02,7.400000000000000000e+01,5.407402333838309971e+01
6.650000000000000000e+02,7.900000000000000000e+01,4.311612227462019575e+01
6.660000000000000000e+02,7.500000000000000000e+01,5.361902647381803888e+01
6.670000000000000000e+02,7.300000000000000000e+01,5.806031346797914239e+01
6.680000000000000000e+02,7.400000000000000000e+01,5.589275444992848207e+01
6.690000000000000000e+02,7.500000000000000000e+01,5.361902647381803888e+01
6.700000000000000000e+02,7.400000000000000000e+01,5.589275444992848207e+01
6.710000000000000000e+02,7.600000000000000000e+01,5.314132102234569288e+01
6.720000000000000000e+02,6.700000000000000000e+01,6.641535966928131529e+01
6.730000000000000000e+02,7.100000000000000000e+01,6.048966853934645371e+01
6.740000000000000000e+02,7.300000000000000000e+01,5.806031346797914239e+01
6.750000000000000000e+02,7.300000000000000000e+01,5.806031346797914239e+01
6.760000000000000000e+02,7.100000000000000000e+01,6.212084996198941411e+01
6.770000000000000000e+02,7.800000000000000000e+01,4.812483766206386093e+01
6.780000000000000000e+02,7.800000000000000000e+01,4.812483766206386093e+01
6.790000000000000000e+02,7.300000000000000000e+01,5.806031346797914239e+01
6.800000000000000000e+02,7.700000000000000000e+01,5.070502933634887199e+01
6.810000000000000000e+02,7.800000000000000000e+01,4.812483766206386093e+01
6.820000000000000000e+02,7.500000000000000000e+01,5.361902647381803888e+01
6.830000000000000000e+02,7.500000000000000000e+01,5.361902647381803888e+01
6.840000000000000000e+02,7.700000000000000000e+01,5.070502933634887199e+01
6.850000000000000000e+02,7.300000000000000000e+01,5.806031346797914239e+01
6.860000000000000000e+02,7.900000000000000000e+01,4.537620521815370722e+01
6.870000000000000000e+02,7.700000000000000000e+01,5.070502933634887199e+01
6.880000000000000000e+02,6.900000000000000000e+01,6.276145313805282200e+01
6.890000000000000000e+02,7.300000000000000000e+01,5.975784467331465066e+01
6.900000000000000000e+02,7.500000000000000000e+01,5.361902647381803888e+01
6.910000000000000000e+02,7.800000000000000000e+01,4.812483766206386093e+01
6.920000000000000000e+02,7.500000000000000000e+01,5.545268253204708486e+01
6.930000000000000000e+02,7.300000000000000000e+01,5.806031346797914239e+01
6.940000000000000000e+02,7.500000000000000000e+01,5.361902647381803888e+01
6.950000000000000000e+02,7.600000000000000000e+01,5.314132102234569288e+01
6.960000000000000000e+02,7.700000000000000000e+01,5.070502933634887199e+01
6.970000000000000000e+02,7.400000000000000000e+01,5.589275444992848207e+01
6.980000000000000000e+02,7.300000000000000000e+01,5.975784467331465066e+01
6.990000000000000000e+02,7.200000000000000000e+01,6.013318551349163243e+01
7.000000000000000000e+02,7.100000000000000000e+01,6.212084996198941411e+01
7.010000000000000000e+02,6.900000000000000000e+01,6.276145313805282200e+01
7.020000000000000000e+02,7.900000000000000000e+01,4.752893855326458095e+01
7.030000000000000000e+02,7.200000000000000000e+01,6.013318551349163243e+01
7.040000000000000000e+02,7.800000000000000000e+01,5.015974481593781320e+01
7.050000000000000000e+02,7.800000000000000000e+01,4.812483766206386093e+01
7.060000000000000000e+02,7.700000000000000000e+01,5.070502933634887199e+01
7.070000000000000000e+02,7.100000000000000000e+01,6.048966853934645371e+01
7.080000000000000000e+02,7.200000000000000000e+01,6.013318551349163243e+01
7.090000000000000000e+02,7.700000000000000000e+01,5.264028875300742527e+01
7.100000000000000000e+02,7.600000000000000000e+01,5.499090833947008150e+01
7.110000000000000000e+02,7.400000000000000000e+01,5.589275444992848207e+01
7.120000000000000000e+02,7.800000000000000000e+01,5.015974481593781320e+01
7.130000000000000000e+02,7.400000000000000000e+01,5.589275444992848207e+01
7.140000000000000000e+02,7.600000000000000000e+01,5.499090833947008150e+01
7.150000000000000000e+02,7.300000000000000000e+01,5.975784467331465066e+01
7.160000000000000000e+02,8.000000000000000000e+01,4.472135954999579610e+01
7.170000000000000000e+02,7.400000000000000000e+01,5.765414122159829446e+01
7.180000000000000000e+02,7.600000000000000000e+01,5.499090833947008150e+01
7.190000000000000000e+02,7.600000000000000000e+01,5.122499389946278825e+01
7.200000000000000000e+02,7.700000000000000000e+01,5.264028875300742527e+01
7.210000000000000000e+02,7.900000000000000000e+01,4.752893855326458095e+01
7.220000000000000000e+02,7.800000000000000000e+01,5.015974481593781320e+01
7.230000000000000000e+02,8.000000000000000000e+01,4.472135954999579610e+01
7.240000000000000000e+02,7.700000000000000000e+01,5.264028875300742527e+01
7.250000000000000000e+02,7.400000000000000000e+01,5.765414122159829446e+01
7.260000000000000000e+02,7.800000000000000000e+01,5.015974481593781320e+01
7.270000000000000000e+02,7.500000000000000000e+01,5.545268253204708486e+01
7.280000000000000000e+02,7.500000000000000000e+01,5.722761571129798597e+01
7.290000000000000000e+02,7.900000000000000000e+01,4.752893855326458095e+01
7.300000000000000000e+02,7.700000000000000000e+01,5.264028875300742527e+01
7.310000000000000000e+02,7.900000000000000000e+01,4.537620521815370722e+01
7.320000000000000000e+02,8.100000000000000000e+01,4.170131892398608642e+01
7.330000000000000000e+02,7.700000000000000000e+01,5.264028875300742527e+01
7.340000000000000000e+02,7.400000000000000000e+01,5.765414122159829446e+01
7.350000000000000000e+02,7.500000000000000000e+01,5.361902647381803888e+01
7.360000000000000000e+02,7.600000000000000000e+01,5.499090833947008150e+01
7.370000000000000000e+02,7.800000000000000000e+01,4.812483766206386093e+01
7.380000000000000000e+02,7.400000000000000000e+01,5.765414122159829446e+01
7.390000000000000000e+02,7.200000000000000000e+01,6.177378084592200480e+01
7.400000000000000000e+02,7.700000000000000000e+01,5.264028875300742527e+01
7.410000000000000000e+02,7.500000000000000000e+01,5.545268253204708486e+01
7.420000000000000000e+02,7.700000000000000000e+01,5.070502933634887199e+01
7.430000000000000000e+02,7.900000000000000000e+01,4.752893855326458095e+01
7.440000000000000000e+02,7.900000000000000000e+01,4.752893855326458095e+01
7.450000000000000000e+02,7.800000000000000000e+01,5.015974481593781320e+01
7.460000000000000000e+02,7.900000000000000000e+01,4.752893855326458095e+01
7.470000000000000000e+02,7.900000000000000000e+01,4.752893855326458095e+01
7.480000000000000000e+02,7.500000000000000000e+01,5.722761571129798597e+01
7.490000000000000000e+02,7.800000000000000000e+01,5.015974481593781320e+01
7.500000000000000000e+02,7.800000000000000000e+01,5.015974481593781320e+01
7.510000000000000000e+02,7.800000000000000000e+01,4.812483766206386093e+01
7.520000000000000000e+02,7.600000000000000000e+01,5.499090833947008150e+01
7.530000000000000000e+02,7.400000000000000000e+01,5.936328831862331867e+01
7.540000000000000000e+02,7.900000000000000000e+01,4.537620521815370722e+01
7.550000000000000000e+02,8.000000000000000000e+01,4.690415759823429909e+01
7.560000000000000000e+02,7.600000000000000000e+01,5.314132102234569288e+01
7.570000000000000000e+02,7.500000000000000000e+01,5.545268253204708486e+01
7.580000000000000000e+02,7.700000000000000000e+01,5.450688029964657488e+01
7.590000000000000000e+02,7.900000000000000000e+01,4.958830507286975120e+01
7.600000000000000000e+02,7.900000000000000000e+01,4.958830507286975120e+01
7.610000000000000000e+02,7.800000000000000000e+01,5.015974481593781320e+01
7.620000000000000000e+02,8.400000000000000000e+01,3.666060555964671863e+01
7.630000000000000000e+02,8.000000000000000000e+01,4.690415759823429909e+01
7.640000000000000000e+02,7.700000000000000000e+01,5.450688029964657488e+01
7.650000000000000000e+02,8.200000000000000000e+01,4.331281565541542733e+01
7.660000000000000000e+02,8.200000000000000000e+01,4.331281565541542733e+01
7.670000000000000000e+02,7.900000000000000000e+01,4.958830507286975120e+01
7.680000000000000000e+02,7.800000000000000000e+01,5.015974481593781320e+01
7.690000000000000000e+02,8.200000000000000000e+01,4.331281565541542733e+01
7.700000000000000000e+02,7.900000000000000000e+01,5.156549233741495186e+01
7.710000000000000000e+02,8.000000000000000000e+01,4.898979485566356118e+01
7.720000000000000000e+02,8.200000000000000000e+01,4.331281565541542733e+01
7.730000000000000000e+02,7.600000000000000000e+01,5.678027826631355879e+01
7.740000000000000000e+02,8.300000000000000000e+01,4.013726448077895270e+01
7.750000000000000000e+02,8.000000000000000000e+01,4.690415759823429909e+01
7.760000000000000000e+02,8.200000000000000000e+01,4.331281565541542733e+01
7.770000000000000000e+02,8.000000000000000000e+01,4.898979485566356118e+01
7.780000000000000000e+02,7.800000000000000000e+01,5.015974481593781320e+01
7.790000000000000000e+02,8.000000000000000000e+01,4.898979485566356118e+01
7.800000000000000000e+02,7.900000000000000000e+01,4.958830507286975120e+01
7.810000000000000000e+02,7.800000000000000000e+01,5.211525688318153016e+01
7.820000000000000000e+02,7.800000000000000000e+01,5.211525688318153016e+01
7.830000000000000000e+02,7.700000000000000000e+01,5.450688029964657488e+01
7.840000000000000000e+02,8.200000000000000000e+01,4.331281565541542733e+01
7.850000000000000000e+02,8.200000000000000000e+01,4.331281565541542733e+01
7.860000000000000000e+02,7.900000000000000000e+01,4.958830507286975120e+01
7.870000000000000000e+02,7.900000000000000000e+01,4.958830507286975120e+01
7.880000000000000000e+02,8.100000000000000000e+01,4.624932431938871247e+01
7.890000000000000000e+02,7.900000000000000000e+01,5.156549233741495186e+01
7.900000000000000000e+02,7.800000000000000000e+01,5.211525688318153016e+01
7.910000000000000000e+02,8.000000000000000000e+01,4.898979485566356118e+01
7.920000000000000000e+02,7.900000000000000000e+01,5.156549233741495186e+01
7.930000000000000000e+02,7.800000000000000000e+01,5.400000000000000000e+01
7.940000000000000000e+02,7.900000000000000000e+01,4.958830507286975120e+01
7.950000000000000000e+02,8.100000000000000000e+01,4.624932431938871247e+01
7.960000000000000000e+02,8.300000000000000000e+01,4.013726448077895270e+01
7.970000000000000000e+02,7.800000000000000000e+01,5.211525688318153016e+01
7.980000000000000000e+02,7.900000000000000000e+01,5.156549233741495186e+01
7.990000000000000000e+02,8.000000000000000000e+01,4.690415759823429909e+01
8.000000000000000000e+02,7.800000000000000000e+01,5.211525688318153016e+01
8.010000000000000000e+02,7.500000000000000000e+01,5.722761571129798597e+01
8.020000000000000000e+02,8.000000000000000000e+01,4.898979485566356118e+01
8.030000000000000000e+02,8.100000000000000000e+01,4.403407771260799564e+01
8.040000000000000000e+02,7.900000000000000000e+01,5.156549233741495186e+01
8.050000000000000000e+02,8.300000000000000000e+01,4.013726448077895270e+01
8.060000000000000000e+02,8.300000000000000000e+01,4.013726448077895270e+01
8.070000000000000000e+02,8.200000000000000000e+01,4.331281565541542733e+01
8.080000000000000000e+02,8.100000000000000000e+01,4.624932431938871247e+01
8.090000000000000000e+02,8.100000000000000000e+01,4.624932431938871247e+01
8.100000000000000000e+02,8.000000000000000000e+01,4.898979485566356118e+01
8.110000000000000000e+02,8.000000000000000000e+01,4.898979485566356118e+01
8.120000000000000000e+02,7.900000000000000000e+01,4.958830507286975120e+01
8.130000000000000000e+02,8.000000000000000000e+01,4.898979485566356118e+01
8.140000000000000000e+02,8.100000000000000000e+01,4.624932431938871247e+01
8.150000000000000000e+02,8.000000000000000000e+01,4.690415759823429909e+01
8.160000000000000000e+02,8.200000000000000000e+01,4.331281565541542733e+01
8.170000000000000000e+02,7.800000000000000000e+01,5.400000000000000000e+01
8.180000000000000000e+02,7.700000000000000000e+01,5.631163290120434795e+01
8.190000000000000000e+02,8.200000000000000000e+01,4.331281565541542733e+01
8.200000000000000000e+02,8.100000000000000000e+01,4.836320915737498893e+01
8.210000000000000000e+02,8.400000000000000000e+01,3.929376540877699853e+01
8.220000000000000000e+02,8.300000000000000000e+01,4.255584566190642448e+01
8.230000000000000000e+02,8.400000000000000000e+01,3.929376540877699853e+01
8.240000000000000000e+02,8.400000000000000000e+01,3.929376540877699853e+01
8.250000000000000000e+02,8.200000000000000000e+01,4.556314299957806924e+01
8.260000000000000000e+02,8.100000000000000000e+01,4.624932431938871247e+01
8.270000000000000000e+02,8.400000000000000000e+01,3.929376540877699853e+01
8.280000000000000000e+02,8.500000000000000000e+01,3.570714214271424680e+01
8.290000000000000000e+02,8.000000000000000000e+01,4.898979485566356118e+01
8.300000000000000000e+02,7.700000000000000000e+01,5.631163290120434795e+01
8.310000000000000000e+02,8.400000000000000000e+01,3.929376540877699853e+01
8.320000000000000000e+02,8.100000000000000000e+01,4.624932431938871247e+01
8.330000000000000000e+02,8.200000000000000000e+01,4.331281565541542733e+01
8.340000000000000000e+02,8.500000000000000000e+01,3.570714214271424680e+01
8.350000000000000000e+02,8.000000000000000000e+01,4.898979485566356118e+01
8.360000000000000000e+02,7.800000000000000000e+01,5.211525688318153016e+01
8.370000000000000000e+02,8.300000000000000000e+01,4.255584566190642448e+01
8.380000000000000000e+02,7.400000000000000000e+01,5.765414122159829446e+01
8.390000000000000000e+02,8.300000000000000000e+01,4.255584566190642448e+01
8.400000000000000000e+02,8.300000000000000000e+01,4.255584566190642448e+01
8.410000000000000000e+02,8.300000000000000000e+01,4.255584566190642448e+01
8.420000000000000000e+02,8.300000000000000000e+01,4.013726448077895270e+01
8.430000000000000000e+02,8.000000000000000000e+01,4.898979485566356118e+01
8.440000000000000000e+02,8.000000000000000000e+01,4.898979485566356118e+01
8.450000000000000000e+02,8.200000000000000000e+01,4.556314299957806924e+01
8.460000000000000000e+02,8.300000000000000000e+01,4.255584566190642448e+01
8.470000000000000000e+02,8.500000000000000000e+01,3.570714214271424680e+01
8.480000000000000000e+02,8.200000000000000000e+01,4.331281565541542733e+01
8.490000000000000000e+02,7.500000000000000000e+01,5.722761571129798597e+01
8.500000000000000000e+02,8.400000000000000000e+01,3.929376540877699853e+01
8.510000000000000000e+02,8.200000000000000000e+01,4.556314299957806924e+01
8.520000000000000000e+02,8.400000000000000000e+01,3.929376540877699853e+01
8.530000000000000000e+02,7.900000000000000000e+01,4.958830507286975120e+01
8.540000000000000000e+02,8.200000000000000000e+01,4.331281565541542733e+01
8.550000000000000000e+02,8.100000000000000000e+01,4.836320915737498893e+01
8.560000000000000000e+02,7.900000000000000000e+01,5.156549233741495186e+01
8.570000000000000000e+02,7.600000000000000000e+01,5.499090833947008150e+01
8.580000000000000000e+02,8.200000000000000000e+01,4.331281565541542733e+01
8.590000000000000000e+02,7.900000000000000000e+01,5.156549233741495186e+01
8.600000000000000000e+02,8.400000000000000000e+01,3.929376540877699853e+01
8.610000000000000000e+02,8.100000000000000000e+01,4.624932431938871247e+01
8.620000000000000000e+02,7.500000000000000000e+01,5.545268253204708486e+01
8.630000000000000000e+02,8.000000000000000000e+01,4.898979485566356118e+01
8.640000000000000000e+02,8.100000000000000000e+01,4.624932431938871247e+01
8.650000000000000000e+02,8.500000000000000000e+01,3.570714214271424680e+01
8.660000000000000000e+02,8.200000000000000000e+01,4.556314299957806924e+01
8.670000000000000000e+02,8.100000000000000000e+01,4.624932431938871247e+01
8.680000000000000000e+02,8.400000000000000000e+01,3.929376540877699853e+01
8.690000000000000000e+02,8.400000000000000000e+01,3.929376540877699853e+01
8.700000000000000000e+02,7.900000000000000000e+01,5.156549233741495186e+01
8.710000000000000000e+02,8.100000000000000000e+01,4.624932431938871247e+01
8.720000000000000000e+02,7.900000000000000000e+01,5.156549233741495186e+01
8.730000000000000000e+02,7.900000000000000000e+01,4.958830507286975120e+01
8.740000000000000000e+02,8.100000000000000000e+01,4.624932431938871247e+01
8.750000000000000000e+02,8.400000000000000000e+01,3.929376540877699853e+01
8.760000000000000000e+02,8.000000000000000000e+01,5.099019513592784847e+01
8.770000000000000000e+02,8.400000000000000000e+01,3.929376540877699853e+01
8.780000000000000000e+02,8.300000000000000000e+01,4.255584566190642448e+01
8.790000000000000000e+02,8.200000000000000000e+01,4.331281565541542733e+01
8.800000000000000000e+02,8.000000000000000000e+01,4.690415759823429909e+01
8.810000000000000000e+02,8.200000000000000000e+01,4.331281565541542733e+01
8.820000000000000000e+02,8.200000000000000000e+01,4.556314299957806924e+01
8.830000000000000000e+02,8.400000000000000000e+01,3.929376540877699853e+01
8.840000000000000000e+02,8.300000000000000000e+01,4.255584566190642448e+01
8.850000000000000000e+02,8.400000000000000000e+01,3.929376540877699853e+01
8.860000000000000000e+02,7.800000000000000000e+01,5.400000000000000000e+01
8.870000000000000000e+02,8.200000000000000000e+01,4.331281565541542733e+01
8.880000000000000000e+02,8.300000000000000000e+01,4.255584566190642448e+01
8.890000000000000000e+02,8.200000000000000000e+01,4.556314299957806924e+01
8.900000000000000000e+02,8.200000000000000000e+01,4.331281565541542733e+01
8.910000000000000000e+02,8.200000000000000000e+01,4.556314299957806924e+01
8.920000000000000000e+02,8.100000000000000000e+01,4.624932431938871247e+01
8.930000000000000000e+02,8.200000000000000000e+01,4.556314299957806924e+01
8.940000000000000000e+02,8.300000000000000000e+01,4.255584566190642448e+01
8.950000000000000000e+02,8.100000000000000000e+01,4.836320915737498893e+01
8.960000000000000000e+02,8.200000000000000000e+01,4.556314299957806924e+01
8.970000000000000000e+02,8.300000000000000000e+01,4.255584566190642448e+01
8.980000000000000000e+02,8.200000000000000000e+01,4.331281565541542733e+01
8.990000000000000000e+02,8.400000000000000000e+01,3.929376540877699853e+01
9.000000000000000000e+02,8.200000000000000000e+01,4.556314299957806924e+01
9.010000000000000000e+02,8.400000000000000000e+01,3.929376540877699853e+01
9.020000000000000000e+02,7.900000000000000000e+01,5.156549233741495186e+01
9.030000000000000000e+02,7.900000000000000000e+01,5.156549233741495186e+01
9.040000000000000000e+02,8.200000000000000000e+01,4.556314299957806924e+01
9.050000000000000000e+02,8.100000000000000000e+01,4.836320915737498893e+01
9.060000000000000000e+02,8.100000000000000000e+01,4.624932431938871247e+01
9.070000000000000000e+02,8.100000000000000000e+01,4.403407771260799564e+01
9.080000000000000000e+02,8.200000000000000000e+01,4.331281565541542733e+01
9.090000000000000000e+02,8.100000000000000000e+01,4.624932431938871247e+01
9.100000000000000000e+02,8.300000000000000000e+01,4.255584566190642448e+01
9.110000000000000000e+02,8.300000000000000000e+01,4.255584566190642448e+01
9.120000000000000000e+02,8.000000000000000000e+01,4.690415759823429909e+01
9.130000000000000000e+02,8.100000000000000000e+01,4.836320915737498893e+01
9.140000000000000000e+02,8.000000000000000000e+01,4.898979485566356118e+01
9.150000000000000000e+02,8.100000000000000000e+01,4.624932431938871247e+01
9.160000000000000000e+02,8.200000000000000000e+01,4.556314299957806924e+01
9.170000000000000000e+02,8.200000000000000000e+01,4.556314299957806924e+01
9.180000000000000000e+02,8.200000000000000000e+01,4.331281565541542733e+01
9.190000000000000000e+02,7.800000000000000000e+01,5.400000000000000000e+01
9.200000000000000000e+02,7.900000000000000000e+01,4.958830507286975120e+01
9.210000000000000000e+02,8.400000000000000000e+01,3.929376540877699853e+01
9.220000000000000000e+02,8.300000000000000000e+01,4.255584566190642448e+01
9.230000000000000000e+02,8.100000000000000000e+01,4.836320915737498893e+01
9.240000000000000000e+02,8.000000000000000000e+01,4.898979485566356118e+01
9.250000000000000000e+02,8.100000000000000000e+01,4.624932431938871247e+01
9.260000000000000000e+02,8.100000000000000000e+01,4.836320915737498893e+01
9.270000000000000000e+02,8.100000000000000000e+01,4.624932431938871247e+01
9.280000000000000000e+02,8.200000000000000000e+01,4.331281565541542733e+01
9.290000000000000000e+02,8.300000000000000000e+01,4.255584566190642448e+01
9.300000000000000000e+02,8.000000000000000000e+01,4.898979485566356118e+01
9.310000000000000000e+02,8.200000000000000000e+01,4.556314299957806924e+01
9.320000000000000000e+02,8.200000000000000000e+01,4.331281565541542733e+01
9.330000000000000000e+02,8.000000000000000000e+01,4.690415759823429909e+01
9.340000000000000000e+02,8.400000000000000000e+01,3.929376540877699853e+01
9.350000000000000000e+02,8.400000000000000000e+01,3.929376540877699853e+01
9.360000000000000000e+02,8.000000000000000000e+01,4.690415759823429909e+01
9.370000000000000000e+02,8.300000000000000000e+01,4.255584566190642448e+01
9.380000000000000000e+02,8.200000000000000000e+01,4.331281565541542733e+01
9.390000000000000000e+02,8.500000000000000000e+01,3.570714214271424680e+01
9.400000000000000000e+02,7.900000000000000000e+01,5.156549233741495186e+01
9.410000000000000000e+02,8.200000000000000000e+01,4.556314299957806924e+01
9.420000000000000000e+02,8.300000000000000000e+01,4.255584566190642448e+01
9.430000000000000000e+02,8.100000000000000000e+01,4.624932431938871247e+01
9.440000000000000000e+02,8.100000000000000000e+01,4.836320915737498893e+01
9.450000000000000000e+02,8.100000000000000000e+01,4.836320915737498893e+01
9.460000000000000000e+02,8.400000000000000000e+01,3.929376540877699853e+01
9.470000000000000000e+02,8.300000000000000000e+01,4.255584566190642448e+01
9.480000000000000000e+02,7.700000000000000000e+01,5.264028875300742527e+01
9.490000000000000000e+02,8.000000000000000000e+01,5.099019513592784847e+01
9.500000000000000000e+02,8.300000000000000000e+01,4.255584566190642448e+01
9.510000000000000000e+02,8.000000000000000000e+01,5.099019513592784847e+01
9.520000000000000000e+02,8.400000000000000000e+01,3.929376540877699853e+01
9.530000000000000000e+02,8.300000000000000000e+01,4.255584566190642448e+01
9.540000000000000000e+02,8.200000000000000000e+01,4.556314299957806924e+01
9.550000000000000000e+02,8.100000000000000000e+01,4.403407771260799564e+01
9.560000000000000000e+02,8.400000000000000000e+01,3.929376540877699853e+01
9.570000000000000000e+02,8.100000000000000000e+01,4.624932431938871247e+01
9.580000000000000000e+02,8.200000000000000000e+01,4.556314299957806924e+01
9.590000000000000000e+02,8.400000000000000000e+01,3.929376540877699853e+01
9.600000000000000000e+02,8.100000000000000000e+01,4.624932431938871247e+01
9.610000000000000000e+02,8.400000000000000000e+01,3.929376540877699853e+01
9.620000000000000000e+02,8.300000000000000000e+01,4.255584566190642448e+01
9.630000000000000000e+02,8.200000000000000000e+01,4.331281565541542733e+01
9.640000000000000000e+02,8.200000000000000000e+01,4.331281565541542733e+01
9.650000000000000000e+02,8.400000000000000000e+01,3.929376540877699853e+01
9.660000000000000000e+02,8.200000000000000000e+01,4.556314299957806924e+01
9.670000000000000000e+02,8.400000000000000000e+01,3.929376540877699853e+01
9.680000000000000000e+02,8.300000000000000000e+01,4.255584566190642448e+01
9.690000000000000000e+02,8.400000000000000000e+01,3.929376540877699853e+01
9.700000000000000000e+02,8.400000000000000000e+01,3.929376540877699853e+01
9.710000000000000000e+02,8.400000000000000000e+01,3.929376540877699853e+01
9.720000000000000000e+02,8.100000000000000000e+01,4.624932431938871247e+01
9.730000000000000000e+02,8.000000000000000000e+01,5.099019513592784847e+01
9.740000000000000000e+02,8.300000000000000000e+01,4.255584566190642448e+01
9.750000000000000000e+02,8.100000000000000000e+01,4.624932431938871247e+01
9.760000000000000000e+02,8.300000000000000000e+01,4.255584566190642448e+01
9.770000000000000000e+02,8.300000000000000000e+01,4.013726448077895270e+01
9.780000000000000000e+02,8.100000000000000000e+01,4.624932431938871247e+01
9.790000000000000000e+02,8.200000000000000000e+01,4.556314299957806924e+01
9.800000000000000000e+02,8.000000000000000000e+01,4.898979485566356118e+01
9.810000000000000000e+02,8.100000000000000000e+01,4.624932431938871247e+01
9.820000000000000000e+02,8.000000000000000000e+01,4.898979485566356118e+01
9.830000000000000000e+02,8.100000000000000000e+01,4.624932431938871247e+01
9.840000000000000000e+02,8.200000000000000000e+01,4.331281565541542733e+01
9.850000000000000000e+02,8.000000000000000000e+01,4.898979485566356118e+01
9.860000000000000000e+02,8.200000000000000000e+01,4.556314299957806924e+01
9.870000000000000000e+02,8.400000000000000000e+01,3.929376540877699853e+01
9.880000000000000000e+02,8.500000000000000000e+01,3.570714214271424680e+01
9.890000000000000000e+02,8.200000000000000000e+01,4.556314299957806924e+01
9.900000000000000000e+02,7.700000000000000000e+01,5.450688029964657488e+01
9.910000000000000000e+02,8.100000000000000000e+01,4.624932431938871247e+01
9.920000000000000000e+02,8.300000000000000000e+01,4.255584566190642448e+01
9.930000000000000000e+02,8.300000000000000000e+01,4.013726448077895270e+01
9.940000000000000000e+02,7.900000000000000000e+01,4.958830507286975120e+01
9.950000000000000000e+02,8.200000000000000000e+01,4.556314299957806924e+01
9.960000000000000000e+02,8.000000000000000000e+01,4.898979485566356118e+01
9.970000000000000000e+02,8.400000000000000000e+01,3.929376540877699853e+01
9.980000000000000000e+02,8.000000000000000000e+01,4.898979485566356118e+01
9.990000000000000000e+02,8.200000000000000000e+01,4.331281565541542733e+01
1.000000000000000000e+03,8.200000000000000000e+01,4.556314299957806924e+01
